,Capsaicin level,Pungent odor,Vitamin C,Water,Light transmittance,Temp storage,Time storage,Dihydrocapsaicin level,Fibre density,Protein density,Saturated fatty acids,Monounsaturated fatty acids,Polyunsaturated fatty acids,Scoville score
0,166.7,6.8,0.0,77.95,32.4,7.5,4.0,32.4,13.56,1.05,24.47,0.67,0.41,4051080.0
1,170.4,5.7,0.0,74.06,39.0,4.7,52.0,47.1,8.58,0.93,22.42,1.1,0.22,4258252.0
2,212.5,3.1,0.0,88.27,22.4,5.9,1.0,161.7,13.57,1.02,22.15,4.08,0.5,2678566.0
3,216.0,1.0,0.0,80.01,22.4,6.4,31.0,10.2,21.27,0.98,19.82,0.57,0.04,801070.0
4,146.5,1.3,141.0,78.64,28.8,4.6,38.0,20.7,5.83,0.96,23.95,0.54,0.32,2680508.0
5,149.2,5.3,0.0,81.19,22.4,5.9,23.0,20.7,6.74,1.01,14.13,0.12,0.3,2361334.0
6,243.5,3.4,0.0,73.22,44.0,5.9,38.0,10.2,24.85,1.01,17.77,0.56,0.81,2199481.0
7,59.1,6.3,0.0,81.19,22.4,5.9,34.0,10.2,5.06,1.02,8.26,0.93,0.08,476716.0
8,77.6,3.7,0.0,83.45,22.4,6.3,38.0,46.6,9.16,0.96,22.3,3.26,0.21,1955406.0
9,98.2,3.2,24.5,79.17,30.2,7.8,35.0,50.8,15.65,0.93,24.3,0.43,0.31,3084493.0
10,273.8,3.6,0.0,70.54,59.8,4.7,45.0,32.4,31.78,0.95,22.69,0.06,0.35,4335942.0
11,172.6,1.0,0.0,83.35,22.4,6.5,38.0,84.3,14.65,0.93,10.78,1.34,0.09,1765067.0
12,98.2,3.2,24.5,79.17,30.2,7.8,35.0,10.2,8.11,0.97,14.17,0.83,0.16,702663.0
13,65.4,1.0,163.3,78.15,27.6,7.7,34.0,14.8,5.42,0.93,23.57,0.17,0.19,1498981.0
14,82.0,1.0,125.2,75.28,33.9,8.1,38.0,10.2,28.19,0.92,7.51,1.96,0.27,461179.0
15,25.6,4.6,0.0,83.45,22.4,6.0,46.0,10.2,23.03,0.91,9.95,0.22,0.38,221.0
16,200.6,5.2,0.0,75.87,35.9,6.0,30.0,20.7,12.2,0.92,11.92,0.99,0.12,4465424.0
17,60.6,5.2,0.0,77.97,35.5,6.7,36.0,20.7,19.21,0.94,12.17,0.16,0.05,1970944.0
18,124.1,1.0,118.3,81.37,29.1,7.5,30.0,32.4,31.93,0.91,11.85,1.71,0.18,2391762.0
19,83.2,7.4,0.0,81.19,22.4,5.8,23.0,46.6,13.92,1.26,23.78,6.9,0.12,3133697.0
20,66.3,3.9,128.6,77.95,31.5,6.9,28.0,14.8,18.43,1.1,14.09,0.63,0.3,1908793.0
21,104.1,1.0,96.7,80.66,27.6,6.4,50.0,14.8,17.31,0.95,15.04,0.4,0.36,1432297.0
22,245.2,2.1,0.0,88.27,22.4,5.9,1.0,161.7,14.88,0.97,22.31,0.38,0.04,2678566.0
23,209.1,1.0,0.0,80.01,22.4,7.4,30.0,20.7,7.39,0.91,16.6,0.58,1.23,2323137.0
24,212.2,4.4,0.0,73.71,40.9,8.7,3.0,11.9,34.31,1.12,18.46,0.32,2.1,2898686.0
25,141.7,1.0,0.0,81.0,22.4,6.4,48.0,159.6,4.19,0.92,21.56,0.96,0.69,2031154.0
26,277.9,1.0,0.0,88.27,22.4,5.9,1.0,161.7,8.9,0.98,11.02,7.07,0.14,2563974.0
27,69.7,1.3,172.4,74.28,27.2,6.9,48.0,32.4,25.97,0.95,23.46,0.83,0.38,2170347.0
28,213.9,1.0,0.0,80.01,22.4,7.5,27.0,20.7,11.7,0.98,9.36,1.76,0.37,2271991.0
29,184.5,1.0,0.0,79.96,22.4,7.8,30.0,20.7,28.32,0.91,25.28,0.28,0.24,1914619.0
30,130.0,3.2,78.0,77.07,34.0,5.9,31.0,20.7,10.31,1.0,7.93,1.05,0.5,3071545.0
31,66.3,3.9,128.6,77.95,31.5,6.9,28.0,20.7,21.87,0.92,20.86,0.33,0.95,2516713.0
32,212.5,1.0,0.0,88.27,22.4,5.9,15.0,161.7,13.14,0.93,25.65,0.36,0.17,3249584.0
33,164.4,1.0,0.0,81.19,22.4,6.4,47.0,11.9,3.52,1.15,13.89,0.94,0.23,819845.0
34,217.4,1.4,94.0,74.32,39.0,6.0,46.0,32.4,14.08,1.0,18.12,1.01,0.11,3496895.0
35,281.3,1.0,0.0,81.19,22.4,5.9,24.0,10.2,14.93,0.95,8.8,1.84,0.2,1428413.0
36,51.2,1.0,178.9,83.1,31.5,4.3,50.0,20.7,17.03,0.94,16.33,2.06,0.08,531747.0
37,53.6,4.4,194.0,81.19,31.7,5.9,6.0,20.7,4.5,0.97,21.53,1.09,0.06,1440713.0
38,178.5,4.8,0.0,81.76,31.8,4.1,38.0,20.7,2.58,0.96,23.45,0.38,0.49,3515023.0
39,140.4,1.0,121.4,74.81,33.9,7.6,34.0,50.8,33.81,0.97,10.73,0.24,3.66,3643858.0
40,81.8,5.2,0.0,88.27,22.4,5.9,15.0,84.3,10.11,0.98,9.74,1.74,1.34,2887680.0
41,261.4,1.0,0.0,75.89,35.5,7.3,28.0,20.7,14.54,1.0,24.09,0.26,0.14,4950983.0
42,281.3,1.0,0.0,81.19,22.4,5.9,22.0,46.6,27.55,0.94,12.54,2.94,0.41,3366118.0
43,164.3,4.2,111.2,76.44,48.1,5.6,11.0,20.7,18.91,0.98,10.57,0.4,0.01,2323784.0
44,30.9,4.9,0.0,81.19,22.4,5.5,54.0,46.6,20.2,0.93,8.87,7.47,0.75,1857647.0
45,54.3,6.3,0.0,77.62,36.2,7.8,15.0,20.7,11.11,0.94,7.51,1.9,0.31,2272638.0
46,97.0,1.0,124.8,74.71,31.5,8.1,38.0,10.2,13.41,0.93,16.56,0.37,0.11,1113123.0
47,54.8,1.0,185.3,76.22,40.5,7.9,16.0,20.7,14.51,0.98,16.12,9.27,1.41,720791.0
48,281.3,1.0,0.0,81.19,22.4,5.9,24.0,20.7,5.49,0.94,22.17,0.68,1.42,2690867.0
49,83.2,7.4,0.0,81.19,22.4,5.8,23.0,11.9,10.6,1.16,17.74,10.43,0.59,1240016.0
50,124.1,1.0,118.3,81.37,29.1,7.5,30.0,20.7,21.56,0.96,13.68,1.46,0.42,2003315.0
51,88.7,5.5,0.0,80.8,22.4,8.9,13.0,20.7,14.09,0.91,23.66,0.58,0.12,3037880.0
52,180.2,1.0,0.0,81.19,22.4,5.9,45.0,10.2,6.28,0.95,25.02,0.37,0.27,860632.0
53,217.4,1.4,94.0,74.32,38.5,6.0,46.0,32.4,32.04,0.91,26.83,1.25,0.75,2955011.0
54,212.5,3.1,0.0,88.27,22.4,5.9,1.0,46.6,23.53,0.92,17.57,0.49,0.82,2475278.0
55,295.1,1.0,0.0,82.77,22.4,8.6,4.0,9.4,13.27,1.05,9.86,0.84,0.07,667703.0
56,146.5,1.3,141.0,78.64,28.8,4.6,38.0,32.4,22.21,1.08,18.43,0.96,0.08,2731654.0
57,168.6,5.7,0.0,79.96,22.4,6.5,18.0,11.9,8.67,0.95,16.42,1.58,0.26,1431650.0
58,257.9,1.5,79.0,75.3,35.9,6.4,22.0,11.9,12.56,0.93,12.22,2.9,0.06,2310836.0
59,99.0,2.2,121.9,74.04,33.6,7.0,34.0,32.4,27.22,0.91,13.1,1.55,0.32,3342811.0
60,200.6,5.2,0.0,75.87,35.9,6.0,30.0,10.2,2.69,0.91,19.18,2.29,0.21,2134740.0
61,134.1,3.5,0.0,88.27,22.4,5.9,15.0,122.0,1.14,0.93,16.34,0.24,0.26,3198438.0
62,257.9,1.5,79.0,75.3,35.9,6.4,22.0,32.4,20.05,1.0,23.0,3.47,1.49,3426327.0
63,110.6,1.0,121.6,77.66,30.2,7.6,34.0,32.4,22.05,0.91,10.48,6.51,0.19,2613825.0
64,75.9,1.0,167.0,76.79,31.2,7.6,34.0,14.8,24.42,1.01,23.08,4.68,0.6,1247785.0
65,101.2,2.2,123.8,71.13,36.2,7.9,36.0,14.8,6.53,0.91,10.74,1.96,0.16,2177469.0
66,141.8,3.2,24.5,75.04,35.4,7.7,35.0,10.2,21.72,1.07,15.68,0.23,0.2,1820745.0
67,141.7,1.0,0.0,81.0,22.4,6.4,48.0,14.8,31.22,0.93,11.27,4.29,0.08,1225773.0
68,124.1,1.0,118.3,80.51,29.1,7.2,30.0,50.8,7.27,0.92,10.89,0.24,0.19,2670797.0
69,245.2,2.1,0.0,88.27,22.4,5.9,1.0,122.0,7.06,1.3,9.35,0.18,0.07,2633894.0
70,200.6,5.2,0.0,75.87,35.9,6.0,30.0,47.1,1.99,0.91,26.62,0.36,0.09,4983354.0
71,99.0,2.2,121.9,74.04,33.6,7.0,34.0,50.8,6.09,1.01,8.87,1.94,0.11,3515670.0
72,198.1,1.4,141.0,73.73,35.1,6.0,38.0,11.9,56.83,1.0,21.7,0.28,0.28,2163873.0
73,191.9,1.0,0.0,80.01,22.4,7.5,32.0,11.9,17.1,0.92,21.99,1.13,0.53,1162326.0
74,65.4,1.0,163.3,78.15,27.6,7.7,34.0,50.8,6.69,0.94,21.29,4.2,0.7,2020795.0
75,184.3,1.0,0.0,82.18,22.4,6.4,34.0,11.9,9.5,0.98,18.13,0.83,0.07,1206998.0
76,216.0,1.0,0.0,80.01,22.4,6.4,31.0,11.9,6.16,0.92,26.14,0.51,1.52,1352665.0
77,56.4,3.3,0.0,81.19,22.4,5.2,63.0,46.6,20.19,0.93,21.61,1.62,0.06,1553363.0
78,154.6,1.0,0.0,79.96,22.4,8.1,32.0,20.7,26.05,0.98,13.92,4.7,1.12,1482148.0
79,217.4,1.4,94.0,74.32,38.5,6.0,46.0,20.7,11.93,0.92,15.34,0.95,0.21,2871495.0
80,70.7,3.1,159.9,77.32,33.7,6.9,28.0,50.8,6.82,0.93,9.97,0.78,0.56,3147292.0
81,57.1,4.9,185.0,88.27,30.5,4.6,4.0,20.7,3.03,1.07,8.96,2.13,0.51,1425176.0
82,157.5,1.0,0.0,79.62,22.4,7.9,37.0,20.7,29.5,0.92,13.69,0.6,0.17,1587676.0
83,212.2,4.4,0.0,73.71,40.9,8.7,3.0,47.1,16.49,1.0,24.07,0.39,0.39,3507254.0
84,30.9,4.9,0.0,81.19,22.4,5.5,54.0,20.7,11.94,0.91,8.56,1.1,0.57,1296341.0
85,65.9,6.6,0.0,83.45,22.4,6.5,19.0,20.7,26.27,1.1,21.62,0.24,0.21,2047339.0
86,141.7,1.0,0.0,81.0,22.4,6.4,48.0,10.2,17.25,1.01,15.32,1.31,0.5,584834.0
87,85.1,1.0,100.5,76.91,31.1,6.8,56.0,32.4,2.28,0.92,9.66,0.21,0.08,2658496.0
88,149.9,1.0,0.0,81.19,22.4,5.6,55.0,11.9,3.13,0.94,26.9,0.48,0.6,794596.0
89,180.9,1.4,158.0,80.6,40.2,6.4,8.0,20.7,7.16,0.98,26.61,0.23,0.08,2719353.0
90,166.7,6.8,0.0,77.95,32.4,7.5,4.0,47.1,17.28,0.92,19.48,0.42,0.77,4161140.0
91,114.9,1.0,94.1,80.15,30.5,6.1,46.0,50.8,15.62,0.94,11.72,3.15,0.2,2717411.0
92,59.1,6.3,0.0,81.19,22.4,5.9,34.0,20.7,3.84,0.91,14.12,1.38,1.41,2028564.0
93,44.7,4.6,126.0,77.26,34.0,5.7,31.0,20.7,20.5,0.91,20.45,1.64,0.45,1731402.0
94,164.4,4.2,0.0,76.46,34.0,5.6,38.0,20.7,19.1,1.11,13.46,2.63,2.32,2782152.0
95,209.8,1.0,0.0,85.63,22.4,6.9,31.0,14.8,3.11,0.94,18.7,2.51,0.3,1508044.0
96,66.0,2.7,167.0,75.69,31.6,6.9,32.0,10.2,3.22,0.96,11.87,0.53,0.89,854158.0
97,209.1,3.1,0.0,68.34,49.6,4.7,72.0,10.2,2.88,0.99,7.5,0.24,0.09,1726870.0
98,149.9,4.0,0.0,81.78,29.4,5.8,31.0,20.7,5.85,1.12,16.02,0.35,0.11,2843009.0
99,219.3,5.2,0.0,72.14,48.0,6.0,30.0,11.9,16.46,0.94,13.08,2.17,0.97,3674934.0
100,288.9,1.6,123.0,82.96,26.9,4.3,20.0,20.7,16.94,0.92,21.44,0.31,0.18,3599186.0
101,150.8,5.3,0.0,79.96,22.4,6.8,21.0,20.7,14.84,0.92,19.0,0.75,0.12,1988424.0
102,200.6,5.2,0.0,75.87,35.9,6.0,30.0,11.9,17.82,0.95,10.84,0.63,0.14,1331948.0
103,85.1,1.0,100.5,76.91,31.1,6.8,56.0,10.2,2.41,1.22,12.29,0.33,0.29,637922.0
104,253.1,4.9,0.0,80.01,35.3,5.2,21.0,10.2,27.9,0.99,20.69,0.01,0.44,2393704.0
105,129.9,3.2,78.4,76.99,34.5,5.9,31.0,20.7,35.68,1.02,15.71,2.03,0.02,3071545.0
106,50.2,4.8,133.0,81.19,31.7,4.2,39.0,20.7,26.45,0.98,18.31,3.39,0.05,1783195.0
107,140.3,1.0,0.0,79.42,22.4,8.1,39.0,11.9,0.97,1.11,15.64,0.37,0.11,768699.0
108,21.3,4.4,0.0,81.19,22.4,5.2,63.0,11.9,13.95,0.94,9.89,0.47,3.49,346587.0
109,87.8,3.9,0.0,81.19,22.4,6.5,42.0,20.7,6.75,1.06,8.09,0.85,0.26,1663423.0
110,306.1,1.0,0.0,75.3,32.0,4.0,38.0,20.7,4.76,0.96,9.55,1.39,0.27,2527719.0
111,126.9,4.8,0.0,79.96,22.4,7.2,24.0,11.9,7.27,0.95,23.49,0.41,0.27,965513.0
112,114.5,6.3,0.0,88.27,22.4,5.9,1.0,161.7,14.04,0.92,10.93,0.41,0.68,2374282.0
113,277.9,3.6,0.0,79.05,32.7,4.7,34.0,47.1,2.88,0.92,20.43,1.11,0.19,4652526.0
114,98.0,1.0,174.2,74.75,36.0,7.5,33.0,10.2,3.55,0.96,11.55,0.67,0.94,859985.0
115,178.8,1.0,0.0,81.19,22.4,6.5,42.0,46.6,5.87,1.0,24.79,0.31,2.82,2259690.0
116,70.7,3.1,159.9,77.32,33.7,6.9,28.0,14.8,7.33,1.11,13.82,0.08,1.42,1762477.0
117,52.9,4.9,0.0,77.07,24.7,6.8,43.0,20.7,8.45,0.92,12.97,0.48,1.97,1592208.0
118,172.2,4.7,0.0,80.9,27.7,5.0,33.0,20.7,2.51,0.94,20.11,1.53,0.37,3553867.0
119,56.4,3.3,0.0,81.19,22.4,5.2,63.0,11.9,21.14,0.94,23.04,2.17,0.09,391258.0
120,191.2,1.0,0.0,81.19,22.4,7.6,39.0,10.2,12.35,0.92,10.7,1.04,0.45,876817.0
121,97.3,1.0,100.4,74.77,32.5,6.9,56.0,32.4,22.0,0.95,17.64,0.67,0.34,2604114.0
122,140.4,1.0,121.4,74.81,33.9,7.6,34.0,14.8,6.27,0.91,13.4,9.8,0.2,2359392.0
123,212.5,1.0,0.0,88.27,22.4,5.9,15.0,46.6,6.0,0.93,22.48,1.09,0.06,3274833.0
124,25.6,4.6,0.0,83.45,22.4,6.0,46.0,20.7,9.91,0.91,8.6,0.66,3.11,1182396.0
125,124.7,1.0,98.8,72.21,38.9,6.7,54.0,10.2,14.48,1.0,23.67,2.37,0.59,1259438.0
126,191.2,1.0,0.0,81.19,22.4,7.5,39.0,20.7,11.68,0.91,8.99,1.15,1.85,1967707.0
127,65.4,1.0,163.3,78.15,27.6,7.7,34.0,32.4,22.88,0.95,21.64,0.44,0.51,1702916.0
128,200.6,5.2,0.0,75.87,35.9,6.0,30.0,47.1,12.86,0.93,12.7,0.31,0.35,4983354.0
129,273.8,3.6,0.0,70.54,59.8,4.7,45.0,11.9,6.49,0.93,14.65,0.26,0.05,3403668.0
130,146.5,1.3,141.0,78.64,28.8,4.6,38.0,11.9,27.22,1.02,18.71,1.69,0.49,1411580.0
131,47.2,5.7,0.0,81.19,22.4,7.5,39.0,10.2,9.25,1.01,25.81,3.35,2.3,371188.0
132,141.8,3.2,24.5,75.04,35.4,7.7,35.0,20.7,34.63,0.92,7.61,8.43,4.42,3937136.0
133,77.6,3.7,0.0,83.45,22.4,6.3,38.0,11.9,21.2,0.92,11.05,0.45,0.19,547932.0
134,166.4,4.6,0.0,78.44,34.0,5.7,30.0,20.7,27.85,0.93,21.02,1.27,0.12,3244404.0
135,155.6,1.0,117.5,77.81,33.4,7.2,29.0,14.8,22.36,1.08,15.52,0.88,0.05,2244152.0
136,124.1,1.0,118.3,81.37,29.1,7.5,30.0,14.8,13.12,0.96,10.0,0.43,0.39,1191460.0
137,184.5,1.0,0.0,79.96,22.4,7.8,30.0,11.9,26.19,0.98,11.12,1.53,0.67,1220593.0
138,65.3,6.8,0.0,79.42,37.5,4.8,43.0,20.7,24.57,0.97,23.82,3.13,0.39,2303714.0
139,82.3,1.0,125.4,75.32,31.5,8.1,38.0,50.8,23.86,0.92,23.32,2.4,0.02,2475926.0
140,114.9,1.0,0.0,80.01,22.4,8.5,36.0,11.9,4.5,0.91,20.37,0.77,0.52,629506.0
141,208.4,5.2,0.0,76.89,34.1,5.8,30.0,11.9,2.25,0.96,18.07,0.66,0.27,2840419.0
142,96.1,8.0,0.0,79.96,22.4,6.5,18.0,20.7,5.21,0.93,15.95,0.4,0.06,2297240.0
143,81.8,5.2,0.0,88.27,22.4,5.9,15.0,20.7,30.89,0.96,19.63,2.15,0.21,2494701.0
144,35.5,5.1,0.0,83.45,22.4,6.2,38.0,46.6,5.49,0.94,12.91,0.26,0.31,1998136.0
145,75.9,1.0,167.0,76.79,31.2,7.6,34.0,10.2,4.43,1.0,8.95,0.37,0.76,731150.0
146,160.3,4.1,0.0,85.52,29.4,5.3,24.0,20.7,12.03,1.02,17.54,3.22,0.07,2013026.0
147,73.6,3.9,118.6,78.82,26.6,6.9,28.0,20.7,4.86,0.94,20.61,0.59,0.1,2384641.0
148,173.8,7.3,0.0,79.58,34.4,6.0,13.0,32.4,18.44,0.95,7.49,0.26,0.1,5041621.0
149,277.9,3.6,0.0,79.05,32.7,4.7,34.0,10.2,9.81,0.94,20.05,5.0,0.97,2296593.0
150,191.9,1.0,0.0,83.35,22.4,6.5,33.0,46.6,3.87,1.01,19.94,0.17,0.73,1879012.0
151,64.6,3.9,132.1,77.87,31.8,6.9,28.0,32.4,9.25,0.94,7.37,1.74,0.48,3327273.0
152,104.1,1.0,96.7,80.66,27.6,6.4,50.0,50.8,36.77,0.98,13.78,0.36,0.15,2484990.0
153,110.6,1.0,121.6,77.66,30.2,7.6,34.0,20.7,1.72,0.93,9.81,1.1,0.24,2033096.0
154,98.2,3.2,24.5,79.17,30.2,7.8,35.0,20.7,28.13,0.92,8.06,0.2,0.74,2453914.0
155,217.4,1.4,94.0,74.32,35.9,6.0,46.0,20.7,14.87,1.06,22.32,2.34,0.87,2871495.0
156,116.0,9.0,0.0,79.96,22.4,6.0,14.0,20.7,11.19,0.95,12.17,1.78,1.35,2402768.0
157,166.7,6.8,0.0,77.95,32.4,7.5,4.0,20.7,14.11,0.94,8.38,0.21,0.12,3720900.0
158,61.2,5.2,146.0,83.35,35.2,4.4,22.0,20.7,34.73,0.93,18.05,0.71,0.88,1975476.0
159,242.8,1.5,132.0,76.48,32.7,4.3,29.0,10.2,4.42,0.92,12.5,2.1,0.3,1928215.0
160,84.2,7.5,0.0,79.96,22.4,6.8,21.0,11.9,32.92,0.91,12.93,0.22,0.28,962923.0
161,310.2,1.0,0.0,72.15,22.4,5.4,55.0,11.9,20.38,0.93,8.6,6.68,1.14,3119454.0
162,243.5,3.4,0.0,73.63,41.6,4.7,53.0,20.7,28.13,0.96,11.13,0.1,0.04,3752623.0
163,208.4,5.2,0.0,76.89,34.1,5.8,30.0,20.7,18.51,0.93,15.88,0.54,0.62,3804416.0
164,257.9,1.5,79.0,75.3,35.9,6.4,22.0,20.7,8.41,0.98,20.06,0.77,0.43,3152472.0
165,164.4,1.0,0.0,81.19,22.4,7.0,43.0,20.7,10.01,0.92,26.76,1.07,0.09,1651123.0
166,87.8,3.9,0.0,81.19,22.4,6.5,42.0,10.2,15.84,0.91,21.99,2.67,1.06,440461.0
167,123.2,4.7,0.0,83.45,22.4,6.5,19.0,10.2,6.13,0.92,13.42,0.65,0.68,479306.0
168,56.5,4.2,113.0,78.54,31.7,4.9,42.0,20.7,26.65,0.93,16.37,0.98,0.95,1547537.0
169,101.7,1.0,124.1,74.61,35.5,8.0,37.0,10.2,18.1,0.91,18.41,0.42,0.57,842504.0
170,97.0,1.0,124.8,74.71,31.5,8.1,38.0,50.8,9.89,0.94,15.13,6.01,0.22,2945300.0
171,191.2,1.0,0.0,81.19,22.4,7.5,39.0,10.2,4.21,1.03,20.46,0.24,0.15,823730.0
172,98.0,1.0,174.2,73.84,36.0,7.6,33.0,10.2,10.03,1.03,15.84,0.85,0.05,973929.0
173,85.1,1.0,100.5,76.01,31.1,6.9,57.0,14.8,53.47,0.97,11.72,0.24,0.57,1467257.0
174,316.6,1.0,0.0,71.33,55.2,4.7,54.0,11.9,3.8,0.95,25.62,0.32,1.29,2885738.0
175,141.0,3.6,90.0,78.84,32.9,5.0,32.0,20.7,0.59,1.18,26.07,5.52,0.13,2716116.0
176,164.4,1.0,0.0,81.19,22.4,7.0,43.0,10.2,1.36,0.91,26.92,0.36,0.14,616558.0
177,216.0,1.0,0.0,80.01,22.4,6.4,31.0,20.7,6.96,1.09,19.75,0.31,1.93,1879012.0
178,97.4,1.0,100.4,74.79,34.5,6.9,56.0,50.8,22.82,1.37,11.4,1.32,0.27,2940121.0
179,85.1,1.0,100.5,76.91,31.1,6.8,56.0,20.7,4.18,1.01,7.65,0.61,3.31,2262280.0
180,35.5,5.1,0.0,83.45,22.4,6.2,38.0,10.2,17.48,0.95,12.68,0.4,0.31,64315.0
181,141.8,1.0,97.4,75.02,36.1,6.5,51.0,10.2,12.79,0.91,13.35,0.87,0.03,1347486.0
182,155.6,1.0,117.5,77.81,33.4,7.2,29.0,20.7,4.05,0.93,7.87,0.64,0.39,2918108.0
183,113.5,1.0,0.0,81.39,22.4,6.4,53.0,11.9,16.44,1.01,13.64,0.34,0.62,496139.0
184,61.3,5.2,146.4,83.39,35.5,4.4,22.0,20.7,7.24,0.96,10.45,0.55,0.03,2135387.0
185,243.5,3.4,0.0,73.63,41.6,4.7,53.0,32.4,6.06,0.95,15.9,0.57,0.27,4012235.0
186,218.5,3.2,0.0,74.49,36.5,4.7,60.0,20.7,8.01,0.93,25.58,0.33,0.42,3131755.0
187,312.3,1.0,0.0,80.6,22.4,8.6,4.0,14.8,2.88,0.94,14.85,0.96,0.14,2982850.0
188,175.4,4.7,0.0,77.66,32.9,5.2,36.0,20.7,11.94,0.91,23.64,0.97,1.51,3813480.0
189,179.9,4.2,0.0,88.27,22.4,5.9,1.0,84.3,4.11,1.01,13.06,0.42,0.65,2424780.0
190,98.0,1.0,174.2,73.84,36.0,7.6,33.0,50.8,7.43,1.11,18.97,0.25,0.15,3688529.0
191,57.6,1.0,142.8,81.45,33.0,7.5,19.0,20.7,12.92,0.93,13.28,2.25,0.06,656050.0
192,243.5,3.4,0.0,73.22,44.0,5.9,38.0,32.4,16.17,1.05,20.51,0.25,0.4,4051080.0
193,124.1,1.0,118.3,81.37,29.1,7.5,30.0,50.8,21.12,1.03,8.43,0.45,0.19,2448735.0
194,112.1,4.5,0.0,80.6,29.3,6.6,31.0,20.7,10.98,1.07,21.97,2.24,0.05,2393704.0
195,21.3,4.4,0.0,81.19,22.4,5.2,63.0,46.6,7.88,0.92,26.94,1.8,2.29,1497686.0
196,122.5,1.0,98.8,74.53,37.3,6.7,54.0,14.8,14.39,1.04,15.22,3.62,2.04,1706153.0
197,277.9,1.0,0.0,88.27,22.4,5.9,1.0,84.3,25.78,0.93,15.7,1.16,0.03,2608645.0
198,55.0,1.0,184.0,76.28,36.3,6.7,33.0,20.7,35.54,0.96,17.77,3.59,0.99,857395.0
199,54.0,6.3,0.0,78.01,37.0,4.7,54.0,20.7,2.85,0.93,22.25,1.78,0.19,1983245.0
200,160.9,1.0,100.0,81.98,34.0,6.3,21.0,20.7,7.67,0.98,21.68,1.66,0.2,1799380.0
201,64.6,3.9,132.1,77.87,31.8,6.9,28.0,10.2,17.61,0.94,8.15,0.29,0.17,1106649.0
202,281.3,1.0,0.0,81.19,22.4,5.9,22.0,20.7,37.8,0.92,21.0,3.64,0.11,2694104.0
203,166.4,4.2,0.0,78.44,31.7,4.9,42.0,20.7,13.9,0.93,24.14,1.33,0.61,2723237.0
204,277.9,1.0,0.0,88.27,22.4,5.9,1.0,46.6,24.94,0.93,22.32,2.16,0.21,2583396.0
205,200.6,5.2,0.0,75.87,35.9,6.0,30.0,47.1,11.15,0.99,19.09,10.64,0.14,4983354.0
206,114.9,1.0,94.1,80.15,30.5,6.1,46.0,14.8,36.69,0.93,10.65,1.84,3.06,1512576.0
207,166.7,1.0,113.0,78.54,31.7,6.9,18.0,20.7,10.35,1.01,25.23,0.45,0.16,2231851.0
208,25.6,4.6,0.0,83.45,22.4,6.0,46.0,11.9,9.37,0.94,18.46,3.9,1.4,349176.0
209,178.8,1.0,0.0,81.19,22.4,6.5,42.0,11.9,42.27,0.92,19.27,1.14,0.07,902066.0
210,53.6,3.6,92.0,79.42,30.5,6.2,34.0,20.7,22.35,0.91,7.8,2.19,0.48,1372088.0
211,212.2,4.4,0.0,73.71,40.9,8.7,3.0,32.4,24.83,0.95,13.07,0.18,0.69,3403668.0
212,75.9,1.0,167.0,76.79,31.2,7.6,34.0,32.4,33.52,0.97,18.53,10.84,0.16,2152220.0
213,105.9,1.0,0.0,79.03,22.4,8.4,44.0,20.7,19.21,0.91,12.02,2.68,0.52,971987.0
214,213.5,1.0,0.0,79.96,22.4,8.3,35.0,20.7,17.32,0.97,20.65,1.14,0.14,1305404.0
215,213.9,1.0,0.0,80.01,22.4,8.4,35.0,11.9,5.36,0.94,20.52,0.51,0.36,591956.0
216,186.4,1.8,0.0,88.27,22.4,5.9,15.0,161.7,5.51,0.91,7.51,1.17,0.11,3483947.0
217,170.4,5.7,0.0,74.06,39.0,4.7,52.0,20.7,12.72,0.96,7.33,0.69,0.21,3442513.0
218,122.5,1.0,98.8,74.53,37.3,6.7,54.0,32.4,18.2,0.99,25.19,2.79,0.36,2570448.0
219,97.3,1.0,100.4,74.77,32.5,6.9,56.0,14.8,8.88,1.02,8.65,2.54,0.51,1552716.0
220,49.9,1.0,174.9,74.59,43.2,6.0,46.0,20.7,5.5,0.96,22.2,0.61,0.88,847684.0
221,64.4,1.0,150.4,79.15,36.0,7.2,25.0,20.7,14.63,1.0,26.74,0.69,0.17,1016658.0
222,112.0,1.0,94.6,82.35,27.7,6.1,47.0,14.8,15.17,0.93,15.37,0.27,0.34,1282745.0
223,183.6,5.2,0.0,77.83,33.4,6.0,30.0,11.9,14.41,0.99,26.18,1.24,0.05,2121791.0
224,191.9,1.0,0.0,80.01,22.4,7.5,32.0,20.7,20.13,0.91,25.73,6.5,0.08,2069351.0
225,113.5,1.0,0.0,81.59,22.4,6.4,53.0,14.8,11.16,0.91,19.32,1.81,0.33,680651.0
226,253.1,4.9,0.0,80.01,35.3,5.2,21.0,47.1,7.83,0.92,22.08,0.25,0.15,4594907.0
227,150.9,1.0,96.2,76.5,33.3,6.3,49.0,20.7,7.57,0.93,16.12,0.49,0.62,2098484.0
228,191.2,1.0,0.0,81.19,22.4,7.5,39.0,46.6,4.3,0.95,16.51,1.05,0.17,2406005.0
229,224.2,1.0,0.0,80.01,22.4,7.4,26.0,20.7,14.65,0.98,12.75,11.25,0.14,2240915.0
230,322.6,1.0,0.0,77.46,22.4,8.6,4.0,46.6,14.67,1.26,23.52,1.38,0.73,4359248.0
231,48.3,5.7,0.0,83.45,22.4,6.4,29.0,46.6,13.43,0.92,8.58,0.15,2.68,2417011.0
232,191.2,1.0,0.0,81.19,22.4,7.5,39.0,159.6,29.03,0.99,20.79,0.43,0.43,2576922.0
233,90.1,1.2,141.0,83.94,24.4,6.0,38.0,11.9,9.63,0.94,17.2,1.7,0.07,825024.0
234,101.7,1.0,124.1,74.61,35.5,8.0,37.0,32.4,3.38,1.03,18.13,1.33,0.15,2262280.0
235,245.2,2.1,0.0,88.27,22.4,5.9,1.0,11.9,9.85,1.19,19.75,0.67,0.76,2120496.0
236,47.4,4.0,103.3,82.82,31.0,5.6,29.0,20.7,8.83,0.92,19.56,0.88,0.52,2208545.0
237,200.6,5.2,0.0,75.87,35.9,6.0,30.0,32.4,6.61,1.04,21.66,0.41,1.64,4853871.0
238,146.5,3.7,0.0,76.54,30.8,6.4,37.0,20.7,32.07,0.97,18.55,0.27,0.18,2499233.0
239,316.6,1.0,0.0,71.33,55.2,4.7,54.0,47.1,28.98,0.94,17.42,0.01,0.52,3682055.0
240,47.2,5.7,0.0,81.19,22.4,7.5,39.0,46.6,18.48,0.92,23.09,1.44,2.85,2397589.0
241,242.8,1.5,132.0,78.44,32.3,4.3,29.0,32.4,27.35,0.95,11.05,0.51,0.17,4102873.0
242,114.5,6.3,0.0,88.27,22.4,5.9,1.0,11.9,23.42,1.28,8.84,0.08,0.03,1549479.0
243,196.0,1.0,141.6,81.45,35.2,4.0,34.0,20.7,14.45,0.92,15.52,0.46,0.1,2495348.0
244,166.4,1.0,113.0,78.44,31.7,6.9,18.0,20.7,9.21,0.96,26.58,0.36,0.43,2231851.0
245,90.1,1.2,141.0,83.94,24.4,6.0,38.0,20.7,18.83,0.99,16.93,0.57,1.25,1271739.0
246,30.9,4.9,0.0,81.19,22.4,5.5,54.0,11.9,4.22,1.02,7.7,0.83,1.36,502613.0
247,257.9,1.5,79.0,75.3,35.9,6.4,22.0,11.9,5.85,0.93,22.66,1.01,0.31,2393704.0
248,124.1,1.0,118.3,80.51,29.8,7.2,30.0,50.8,1.67,0.91,25.61,0.71,1.41,2711584.0
249,295.1,1.0,0.0,82.77,22.4,8.6,4.0,14.8,5.21,0.92,14.53,3.32,0.34,2240915.0
250,133.4,3.5,86.0,81.78,29.4,4.5,36.0,20.7,44.07,0.95,22.08,0.0,2.41,2538725.0
251,66.7,1.9,163.8,67.4,29.0,7.7,34.0,14.8,21.28,1.22,16.44,0.29,0.03,1003063.0
252,212.5,3.1,0.0,88.27,22.4,5.9,1.0,122.0,39.04,1.25,11.27,0.58,0.33,2513476.0
253,164.4,1.0,0.0,81.19,22.4,6.4,47.0,84.3,13.89,0.92,12.23,0.17,0.04,2266164.0
254,70.5,2.1,173.5,75.85,29.9,6.9,37.0,20.7,15.29,1.03,7.58,0.4,0.63,2322489.0
255,55.6,5.0,138.7,76.38,43.7,6.0,19.0,20.7,24.69,0.92,21.65,0.11,0.16,2202718.0
256,99.0,2.2,121.9,74.04,33.6,7.0,34.0,10.2,29.54,0.92,8.6,0.21,0.63,1016011.0
257,98.1,3.2,24.5,79.17,30.4,7.8,35.0,10.2,2.98,0.92,14.1,0.25,0.22,1014716.0
258,179.9,4.2,0.0,88.27,22.4,5.9,1.0,46.6,15.66,0.92,23.86,0.97,0.7,2291413.0
259,149.2,5.3,0.0,81.19,22.4,5.9,23.0,10.2,8.34,1.02,25.67,0.59,0.23,892355.0
260,58.2,6.4,0.0,78.89,34.8,7.1,19.0,20.7,4.61,0.98,16.36,0.12,0.16,2268106.0
261,209.8,1.0,0.0,85.63,22.4,6.9,31.0,10.2,9.21,0.94,13.99,0.35,0.06,903361.0
262,85.1,1.0,100.5,76.91,31.1,6.8,56.0,50.8,4.08,0.91,13.17,2.05,0.44,2716116.0
263,156.2,1.0,107.0,80.09,29.5,5.1,40.0,20.7,22.86,0.94,11.5,0.86,0.92,2609940.0
264,56.4,4.2,113.0,78.44,31.7,4.9,42.0,20.7,7.81,1.18,26.25,0.6,0.99,1547537.0
265,191.2,1.0,0.0,81.19,22.4,7.6,39.0,46.6,11.13,0.92,15.45,1.98,0.71,2481753.0
266,322.6,1.0,0.0,77.46,22.4,8.6,4.0,122.0,6.37,0.94,20.21,2.53,0.21,4651231.0
267,85.1,1.0,100.5,76.01,31.1,6.9,57.0,10.2,19.63,0.91,21.45,1.37,0.46,655402.0
268,131.4,3.5,86.0,81.78,28.2,5.3,26.0,20.7,34.58,0.95,9.84,0.14,0.44,2032448.0
269,50.9,1.0,134.0,79.03,35.2,6.5,40.0,20.7,11.51,0.92,25.36,1.12,3.78,703958.0
270,288.9,1.6,123.0,84.73,26.9,5.2,20.0,32.4,10.52,0.95,17.2,1.3,0.28,3707304.0
271,148.8,3.7,93.9,80.33,33.1,5.5,19.0,20.7,37.34,0.95,13.28,0.59,0.21,2685040.0
272,156.1,1.0,107.0,84.73,35.2,5.1,28.0,20.7,10.17,0.97,11.73,0.67,0.14,1912677.0
273,91.1,4.0,0.0,79.96,22.4,7.9,30.0,20.7,29.87,1.0,11.89,1.68,0.37,1314468.0
274,169.8,1.0,126.5,84.67,29.0,4.8,26.0,20.7,14.32,0.94,25.55,0.95,0.16,2442908.0
275,21.3,4.4,0.0,81.19,22.4,5.2,63.0,20.7,20.71,0.95,26.72,0.35,0.1,968102.0
276,208.4,5.2,0.0,76.89,34.1,5.8,30.0,47.1,13.17,0.96,9.5,0.19,0.21,4051080.0
277,191.2,1.0,0.0,81.19,22.4,7.6,39.0,11.9,7.85,0.92,8.55,2.3,0.47,432692.0
278,200.6,5.2,0.0,75.87,35.9,6.0,30.0,32.4,15.68,0.92,11.02,0.76,0.34,4853871.0
279,161.1,5.5,0.0,83.45,22.4,6.3,8.0,46.6,1.04,0.94,9.04,0.74,0.85,3384245.0
280,178.8,1.0,0.0,81.19,22.4,7.2,41.0,59.2,1.9,0.94,8.15,0.32,0.54,2398884.0
281,178.8,1.0,0.0,81.19,22.4,6.5,42.0,20.7,17.82,0.92,7.42,5.16,0.31,1885486.0
282,200.6,5.2,0.0,75.87,35.9,6.0,30.0,11.9,1.1,1.45,19.91,2.86,1.02,3468409.0
283,66.7,1.9,163.8,67.4,29.0,7.7,34.0,20.7,20.91,0.94,21.1,0.25,0.96,1418701.0
284,35.5,5.1,0.0,83.45,22.4,6.2,38.0,11.9,16.17,0.91,14.51,5.02,0.04,519446.0
285,243.5,3.4,0.0,73.63,41.6,4.7,53.0,11.9,7.41,1.02,23.71,0.26,0.03,3034643.0
286,73.6,3.9,118.6,78.82,26.6,6.9,28.0,14.8,15.31,0.91,22.66,1.77,0.17,2066114.0
287,64.6,1.0,143.6,75.65,22.4,6.9,56.0,14.8,12.79,1.0,20.76,3.06,0.43,942206.0
288,154.8,1.0,0.0,81.19,22.4,8.0,31.0,11.9,8.34,0.95,24.46,9.94,0.11,768699.0
289,213.5,1.0,0.0,79.96,22.4,8.3,35.0,11.9,12.67,0.95,21.07,3.21,0.44,790711.0
290,164.4,1.0,0.0,81.19,22.4,6.4,47.0,20.7,20.38,0.93,13.69,0.73,0.29,1656949.0
291,70.1,3.6,0.0,81.19,22.4,6.1,48.0,10.2,49.24,0.92,15.28,0.89,0.23,298678.0
292,243.5,3.4,0.0,73.22,44.0,5.9,38.0,20.7,11.23,0.92,20.05,0.42,0.19,3850382.0
293,160.3,2.7,0.0,88.27,22.4,5.9,15.0,46.6,36.4,1.01,16.51,0.31,0.36,3033995.0
294,227.5,3.1,0.0,72.43,35.6,6.1,47.0,32.4,4.07,1.49,25.1,2.81,0.42,4620803.0
295,196.0,3.6,0.0,74.91,32.9,7.7,12.0,20.7,7.17,0.95,16.91,0.92,1.02,3669107.0
296,57.6,1.0,142.8,81.45,33.0,5.1,50.0,20.7,18.73,0.94,13.75,1.03,4.43,479954.0
297,97.0,1.0,121.6,78.89,29.0,7.7,34.0,32.4,17.17,0.98,22.66,1.81,0.1,2063524.0
298,161.1,5.5,0.0,83.45,22.4,6.3,8.0,11.9,11.7,0.92,20.99,0.05,0.35,1525525.0
299,44.7,5.4,98.0,82.57,29.4,4.7,35.0,20.7,15.62,0.93,12.15,1.31,0.07,1595445.0
300,158.9,1.0,0.0,83.35,22.4,6.5,41.0,14.8,6.38,0.96,26.86,0.23,1.27,1023133.0
301,134.1,3.5,0.0,88.27,22.4,5.9,15.0,20.7,12.03,0.93,11.12,4.26,0.13,2817760.0
302,149.9,4.0,0.0,81.76,28.8,5.8,31.0,20.7,7.69,0.96,8.0,1.21,1.33,2843656.0
303,114.5,6.3,0.0,88.27,22.4,5.9,1.0,20.7,9.25,0.94,21.16,2.37,0.13,1796790.0
304,70.7,3.1,159.9,77.32,33.7,6.9,28.0,32.4,8.83,0.91,8.71,0.27,0.29,3021047.0
305,77.6,3.7,0.0,83.45,22.4,6.3,38.0,10.2,11.29,0.93,13.01,5.44,0.25,166606.0
306,123.1,1.0,95.7,80.29,28.8,6.2,49.0,50.8,5.86,0.93,14.17,6.49,0.09,2591165.0
307,150.9,1.0,96.2,76.5,33.3,6.3,49.0,50.8,29.96,0.91,24.05,0.51,0.1,3019752.0
308,184.3,1.0,0.0,79.82,22.4,7.8,29.0,20.7,13.51,1.0,22.45,0.43,0.38,1910735.0
309,108.0,8.6,0.0,79.96,22.4,6.2,15.0,20.7,10.6,1.02,10.67,0.44,0.79,2419601.0
310,162.3,1.0,0.0,81.39,22.4,6.4,40.0,10.2,9.0,1.0,25.72,0.84,0.67,661229.0
311,155.4,1.0,0.0,80.01,22.4,7.4,26.0,11.9,15.83,0.96,14.13,14.8,0.25,1853763.0
312,295.1,1.0,0.0,82.77,22.4,8.6,4.0,20.7,57.48,0.93,8.56,0.23,0.36,2703815.0
313,97.4,1.0,100.4,74.79,34.5,6.9,56.0,32.4,13.26,0.93,23.64,0.47,0.21,2723885.0
314,113.5,1.0,0.0,81.39,22.4,6.4,53.0,161.7,7.93,0.94,8.19,0.64,2.38,1473084.0
315,67.3,1.9,124.3,74.57,34.9,8.0,37.0,32.4,18.82,0.98,23.3,0.56,0.06,2383993.0
316,82.0,1.0,125.2,76.2,33.9,8.0,37.0,10.2,11.25,0.93,17.43,4.98,0.18,661876.0
317,170.4,5.7,0.0,74.06,39.0,4.7,52.0,32.4,3.67,0.93,13.54,1.39,2.23,4128770.0
318,312.3,1.0,0.0,80.6,22.4,8.6,4.0,46.6,23.32,0.95,9.75,0.7,2.82,3654864.0
319,226.3,1.0,0.0,80.21,22.4,7.2,28.0,11.9,4.13,1.14,22.81,1.98,0.08,1800675.0
320,63.9,4.6,128.0,82.18,31.7,6.3,9.0,20.7,20.54,1.02,24.81,0.96,2.4,1612278.0
321,221.5,1.0,0.0,81.19,22.4,6.0,35.0,11.9,29.33,1.07,20.5,3.13,0.14,1645296.0
322,172.6,1.0,0.0,83.35,22.4,6.5,38.0,20.7,9.07,0.99,8.58,0.58,0.19,1479558.0
323,217.4,1.4,94.0,74.32,39.0,6.0,46.0,10.2,14.77,0.94,15.77,1.52,0.14,1322237.0
324,123.2,4.7,0.0,83.45,22.4,6.5,19.0,20.7,7.0,0.91,18.28,0.52,0.22,2242210.0
325,218.5,3.2,0.0,74.49,36.5,4.7,60.0,32.4,7.66,0.97,13.84,0.66,0.51,3423090.0
326,243.5,3.4,0.0,73.63,41.6,4.7,53.0,32.4,5.36,0.94,17.56,0.06,0.25,4012235.0
327,322.6,1.0,0.0,77.46,22.4,8.6,4.0,11.9,0.97,1.09,22.77,0.63,0.35,3255410.0
328,167.1,4.2,113.2,78.62,31.7,5.0,18.0,20.7,5.63,0.96,14.42,0.49,0.16,2842361.0
329,191.2,1.0,0.0,81.19,22.4,7.5,39.0,10.2,8.86,1.16,12.92,6.92,0.66,819845.0
330,25.6,4.6,0.0,83.45,22.4,6.0,46.0,46.6,30.95,0.91,12.87,0.61,0.28,1741760.0
331,98.1,1.0,174.7,73.88,34.2,7.6,33.0,50.8,2.3,1.17,20.3,0.27,2.05,3091615.0
332,70.5,2.1,173.5,75.85,29.9,6.9,37.0,50.8,18.67,0.94,11.44,1.36,0.43,3478768.0
333,124.7,1.0,98.8,72.21,38.9,6.7,54.0,14.8,38.28,1.18,22.85,1.15,3.39,2587281.0
334,104.1,1.0,96.7,80.66,27.6,6.4,50.0,20.7,15.09,1.18,19.76,1.08,0.84,1460783.0
335,243.5,3.4,0.0,73.63,41.6,4.7,53.0,20.7,48.18,0.99,20.43,0.23,0.13,3752623.0
336,56.4,4.2,0.0,78.44,31.7,6.8,42.0,20.7,19.09,0.92,26.58,0.49,0.4,1080105.0
337,113.5,1.0,0.0,81.59,22.4,6.4,53.0,46.6,19.81,0.95,22.57,0.54,0.98,1270444.0
338,209.1,3.1,0.0,68.34,49.6,4.7,72.0,32.4,5.26,1.03,11.17,1.91,0.06,3746796.0
339,48.7,4.7,129.7,77.56,35.1,5.2,35.0,20.7,11.52,0.93,24.34,0.73,0.08,2737480.0
340,85.1,1.0,100.5,76.01,31.1,6.9,57.0,32.4,24.68,0.99,21.88,0.66,0.55,2047986.0
341,113.5,1.0,0.0,81.39,22.4,6.4,53.0,84.3,21.26,0.97,26.67,4.59,1.72,1409638.0
342,124.1,1.0,118.3,80.51,29.8,7.2,30.0,10.2,15.6,0.92,12.72,4.3,0.11,698779.0
343,76.3,2.0,122.0,76.91,31.9,7.7,34.0,50.8,25.53,1.01,8.18,1.28,0.08,3000330.0
344,123.1,5.0,95.0,74.71,33.4,4.8,38.0,20.7,5.85,0.93,13.48,0.17,0.48,4243362.0
345,273.8,3.6,0.0,70.54,59.8,4.7,45.0,20.7,13.0,0.93,22.76,0.56,0.01,4180563.0
346,183.6,5.2,0.0,77.83,33.4,6.0,30.0,47.1,8.5,1.02,18.12,0.53,0.84,4238830.0
347,82.3,1.0,125.4,75.32,31.5,8.1,38.0,32.4,24.34,0.95,24.17,10.66,0.15,2137329.0
348,66.0,2.7,167.0,75.69,31.6,6.9,32.0,20.7,2.36,0.98,9.2,0.67,0.08,2530308.0
349,114.9,1.0,94.1,80.15,30.5,6.1,46.0,20.7,30.36,1.01,26.52,0.26,2.54,1806501.0
350,123.1,1.0,95.7,81.15,28.6,6.1,48.0,10.2,16.7,0.94,8.94,0.0,0.01,399027.0
351,213.9,1.0,0.0,79.82,22.4,7.5,27.0,20.7,36.19,0.94,24.87,1.92,1.06,2271991.0
352,295.1,1.0,0.0,82.77,22.4,8.6,4.0,46.6,7.12,0.92,15.14,1.63,0.15,2906455.0
353,166.4,4.6,0.0,78.36,33.6,5.6,30.0,20.7,8.52,1.03,13.33,2.44,0.09,3245052.0
354,322.6,1.0,0.0,77.46,22.4,8.6,4.0,10.2,19.78,0.97,19.4,1.82,0.53,2545199.0
355,62.6,5.6,172.0,85.91,34.0,4.3,9.0,20.7,9.06,0.99,17.96,0.67,0.18,2428665.0
356,200.6,5.2,0.0,75.87,35.9,6.0,30.0,20.7,29.16,0.96,18.96,0.95,2.56,4465424.0
357,209.1,1.0,0.0,80.01,22.4,7.4,30.0,11.9,8.25,1.14,25.8,2.08,0.27,1536531.0
358,147.2,5.2,0.0,75.5,31.2,7.3,17.0,20.7,22.09,0.92,10.7,0.3,0.17,3318209.0
359,114.1,3.0,71.5,91.98,29.4,4.7,19.0,20.7,19.05,0.95,22.6,0.15,0.16,1702916.0
360,124.5,1.0,0.0,79.82,22.4,8.4,35.0,20.7,5.17,0.95,26.78,0.56,0.22,1124129.0
361,191.2,1.0,0.0,81.19,22.4,7.6,39.0,59.2,10.26,0.93,26.01,0.99,0.05,2494701.0
362,53.0,1.0,136.6,74.53,41.1,6.9,43.0,20.7,3.82,0.93,25.97,0.98,0.47,1012127.0
363,65.4,1.0,163.3,78.15,27.6,7.7,34.0,10.2,2.13,1.4,20.61,0.99,0.25,545990.0
364,123.1,1.0,0.0,79.23,22.4,8.3,41.0,11.9,34.96,0.92,8.77,0.27,0.04,673530.0
365,56.2,4.2,0.0,78.46,31.7,6.8,42.0,20.7,17.76,0.92,11.2,0.72,0.76,1080105.0
366,154.8,1.0,0.0,81.19,22.4,8.0,31.0,46.6,30.58,0.94,7.16,1.18,1.11,1752119.0
367,175.4,1.0,138.0,82.57,35.2,4.0,36.0,20.7,20.48,0.95,24.7,0.25,0.06,2483047.0
368,53.6,3.6,91.7,79.41,30.6,6.2,34.0,20.7,3.55,0.94,13.92,2.02,0.44,1372088.0
369,162.3,1.0,0.0,81.39,22.4,6.4,40.0,20.7,43.19,0.92,16.02,0.89,0.31,1631700.0
370,130.7,3.2,78.0,82.96,32.9,4.9,31.0,20.7,11.9,0.96,11.97,0.44,0.23,1946990.0
371,126.5,3.2,77.0,80.6,29.4,5.7,29.0,20.7,2.71,0.95,15.34,5.86,0.15,2037628.0
372,314.3,1.0,0.0,79.82,30.4,5.7,23.0,20.7,6.75,0.97,16.22,3.26,0.4,3528618.0
373,41.9,5.6,160.9,78.62,28.8,4.9,26.0,20.7,21.06,0.94,7.47,2.19,0.05,2005904.0
374,242.8,1.5,132.0,76.48,32.7,4.3,29.0,20.7,14.26,0.97,24.21,4.29,0.04,4517217.0
375,97.0,1.0,124.8,74.71,31.5,8.1,38.0,32.4,17.45,1.0,25.88,1.13,7.2,2767909.0
376,156.1,1.0,107.0,80.01,29.4,5.1,40.0,20.7,16.31,0.94,20.45,0.17,0.26,2609940.0
377,123.1,1.0,95.7,81.15,28.6,6.1,48.0,20.7,19.52,0.93,21.24,0.22,0.07,1611630.0
378,217.4,1.4,94.0,74.32,35.9,6.0,46.0,32.4,7.65,0.94,26.85,0.54,1.75,3828370.0
379,253.1,4.9,0.0,80.01,35.3,5.2,21.0,11.9,18.88,0.95,13.08,0.81,1.54,3481357.0
380,97.0,4.1,0.0,83.45,22.4,6.5,29.0,10.2,2.71,0.95,10.24,0.54,1.69,290262.0
381,98.1,3.2,24.5,79.17,30.4,7.8,35.0,32.4,21.33,0.92,14.26,1.11,0.5,3136286.0
382,57.8,5.1,0.0,81.39,32.9,5.1,50.0,20.7,9.62,0.91,14.48,0.89,1.84,1389568.0
383,113.5,1.0,0.0,81.59,22.4,6.4,53.0,20.7,9.67,1.0,8.23,4.24,0.3,1041907.0
384,113.5,4.5,0.0,81.19,22.4,6.4,29.0,11.9,1.59,0.91,26.11,6.98,1.88,1171390.0
385,101.7,1.0,124.1,74.61,35.5,8.0,37.0,50.8,27.13,0.93,17.41,0.42,0.27,2842361.0
386,61.1,6.6,0.0,76.56,36.6,7.5,18.0,20.7,22.89,0.95,23.37,10.74,0.18,2404063.0
387,154.8,1.0,107.0,86.89,35.2,4.3,34.0,20.7,18.35,0.92,14.21,0.51,0.09,1883544.0
388,98.1,3.2,24.5,79.17,30.4,7.8,35.0,50.8,11.47,1.04,13.84,1.25,5.08,3338927.0
389,312.3,1.0,0.0,80.6,22.4,8.6,4.0,11.9,15.56,0.97,7.11,0.77,0.17,2595697.0
390,65.9,6.6,0.0,83.45,22.4,6.5,19.0,11.9,11.6,1.35,7.87,2.14,0.36,869048.0
391,124.3,1.0,99.9,72.17,36.8,6.9,55.0,32.4,9.07,0.97,18.34,0.83,0.48,2707052.0
392,48.3,5.7,0.0,83.45,22.4,6.4,29.0,20.7,14.1,0.94,13.26,0.13,0.08,1784489.0
393,69.7,1.3,172.4,74.28,27.2,6.9,48.0,10.2,15.79,0.92,15.25,0.06,0.17,1227715.0
394,77.7,2.9,190.0,85.32,29.4,5.7,6.0,20.7,26.01,0.97,11.07,0.28,1.26,1333890.0
395,70.1,3.6,0.0,81.19,22.4,6.1,48.0,46.6,4.45,0.95,26.37,2.3,0.97,1927568.0
396,141.8,3.2,24.5,75.04,35.4,7.7,35.0,50.8,5.46,0.93,10.52,0.32,0.06,4183800.0
397,97.3,1.0,100.4,74.77,32.5,6.9,56.0,50.8,1.75,0.92,16.19,4.96,0.29,2628068.0
398,144.4,1.0,0.0,80.01,22.4,8.3,33.0,11.9,19.21,0.94,11.46,0.2,0.09,788122.0
399,88.7,1.0,0.0,78.84,22.4,8.6,46.0,11.9,13.76,0.99,18.78,1.78,0.23,356945.0
400,174.7,1.0,0.0,79.62,22.4,7.7,35.0,20.7,11.67,0.97,16.55,0.72,0.17,1828513.0
401,124.1,1.0,118.3,80.51,29.8,7.2,30.0,32.4,15.99,0.92,12.53,0.76,0.27,2221493.0
402,209.8,1.0,0.0,85.63,22.4,6.9,31.0,20.7,5.0,0.92,26.08,0.27,0.32,1919151.0
403,306.1,1.0,0.0,75.3,31.9,4.0,38.0,20.7,12.64,1.01,18.53,1.79,0.42,2527719.0
404,66.7,1.9,163.8,67.4,29.0,7.7,34.0,10.2,9.73,0.95,17.96,0.58,0.6,351118.0
405,208.6,1.0,0.0,80.84,30.2,7.0,25.0,20.7,28.7,1.07,21.83,1.66,0.55,2378167.0
406,143.7,3.9,100.0,77.26,32.9,4.3,39.0,20.7,2.15,0.92,16.35,0.07,2.67,3269006.0
407,257.9,1.5,79.0,75.3,35.9,6.4,22.0,20.7,4.37,1.0,26.65,0.64,0.09,2725180.0
408,98.1,1.0,174.7,73.88,34.2,7.6,33.0,32.4,21.54,1.22,11.64,0.18,0.32,2868905.0
409,288.9,1.6,123.0,82.96,26.9,4.3,20.0,11.9,18.03,1.32,21.66,0.13,0.1,2304362.0
410,226.3,1.0,0.0,80.21,22.4,7.2,28.0,20.7,24.48,0.99,8.61,0.32,0.6,2678566.0
411,172.8,1.0,115.6,81.98,34.5,4.2,40.0,20.7,5.96,1.0,23.25,0.9,0.48,1868006.0
412,295.1,1.0,0.0,82.77,22.4,8.6,4.0,84.3,8.5,1.01,24.19,0.87,0.15,3153767.0
413,57.6,5.1,0.0,81.45,33.0,5.1,50.0,20.7,17.84,0.92,11.73,0.97,0.42,1389568.0
414,42.7,5.7,0.0,81.92,26.0,6.1,37.0,20.7,14.56,0.98,13.54,3.39,0.19,1722985.0
415,125.9,1.0,0.0,82.37,22.4,6.4,49.0,84.3,2.29,0.97,16.15,0.23,0.23,1638174.0
416,59.8,1.0,195.0,86.69,35.2,5.4,22.0,20.7,20.39,1.1,15.32,0.76,0.15,402264.0
417,50.2,1.0,175.0,74.51,43.3,6.0,46.0,20.7,10.56,0.91,10.39,1.18,0.17,847684.0
418,91.1,7.8,0.0,83.45,22.4,6.3,7.0,11.9,3.03,0.97,16.04,0.41,0.43,1114418.0
419,56.4,4.2,113.0,78.44,31.7,6.9,18.0,20.7,16.57,0.96,8.73,0.59,0.18,1504160.0
420,84.2,7.5,0.0,79.96,22.4,6.8,21.0,20.7,4.35,0.94,11.41,0.63,0.29,1961880.0
421,54.9,1.0,183.9,76.2,35.9,6.7,33.0,20.7,17.88,0.91,16.58,0.6,0.15,857395.0
422,44.5,5.5,0.0,79.96,22.4,7.9,30.0,20.7,7.69,0.92,18.36,3.94,2.47,1027664.0
423,312.3,1.0,0.0,80.6,22.4,8.6,4.0,84.3,28.0,0.91,17.85,0.3,0.02,3858151.0
424,212.2,4.4,0.0,73.71,40.9,8.7,3.0,10.2,16.44,0.94,14.71,2.34,2.17,1700973.0
425,109.1,1.0,118.2,81.82,29.5,7.2,30.0,32.4,29.12,0.97,7.95,0.74,0.55,1879012.0
426,91.1,7.8,0.0,83.45,22.4,6.3,7.0,20.7,17.46,0.91,8.05,0.91,0.36,2547789.0
427,51.6,4.9,0.0,79.23,25.9,6.6,41.0,20.7,5.34,0.91,22.54,3.16,1.69,1386331.0
428,219.3,5.2,0.0,72.14,48.0,6.0,30.0,32.4,12.83,0.95,10.82,0.23,0.39,4989828.0
429,198.1,1.4,141.0,73.73,35.1,6.0,38.0,20.7,12.45,0.93,10.57,0.57,0.13,3700830.0
430,114.5,6.3,0.0,88.27,22.4,5.9,1.0,122.0,12.34,1.08,21.27,0.22,0.3,2336085.0
431,281.3,1.0,0.0,81.19,22.4,5.9,22.0,10.2,15.17,0.93,11.32,1.65,1.12,1429060.0
432,218.5,3.2,0.0,74.49,36.5,4.7,60.0,47.1,11.33,0.96,21.94,0.24,0.23,3578469.0
433,35.5,5.1,0.0,83.45,22.4,6.2,38.0,20.7,16.27,0.93,24.7,0.47,0.58,1421939.0
434,62.6,5.8,164.0,83.16,34.0,4.3,16.0,20.7,33.53,1.07,13.01,0.38,0.08,1833693.0
435,138.9,1.0,90.0,82.57,35.2,5.9,31.0,20.7,17.83,1.01,17.36,0.8,0.42,1936631.0
436,47.4,4.0,103.0,82.77,30.5,5.6,29.0,20.7,33.58,0.92,21.17,0.81,1.79,2208545.0
437,45.0,4.6,125.8,77.18,34.5,5.7,31.0,20.7,5.9,0.92,21.23,0.15,1.0,1731402.0
438,191.2,1.0,0.0,81.19,22.4,7.6,39.0,20.7,23.3,1.3,10.2,1.04,0.22,2025327.0
439,243.5,3.4,0.0,73.63,41.6,4.7,53.0,11.9,14.77,1.06,18.05,0.04,0.33,3034643.0
440,96.1,8.0,0.0,79.96,22.4,6.5,18.0,11.9,15.82,1.12,13.74,0.64,0.28,1262028.0
441,109.1,1.0,118.2,81.82,29.5,7.2,30.0,14.8,12.05,0.94,7.89,3.23,1.87,1294398.0
442,281.3,1.0,0.0,81.19,22.4,5.9,24.0,46.6,1.63,0.96,24.3,2.29,1.01,3363528.0
443,44.5,5.5,0.0,79.96,22.4,7.9,30.0,11.9,3.44,0.92,15.95,1.11,0.33,335581.0
444,149.2,5.3,0.0,81.19,22.4,5.9,23.0,11.9,13.3,0.95,10.71,0.99,0.09,1372088.0
445,73.6,3.9,118.6,78.82,26.6,6.9,28.0,50.8,11.35,0.92,22.81,1.07,0.05,3085788.0
446,116.0,9.0,0.0,79.96,22.4,6.0,14.0,11.9,16.78,0.93,8.22,2.22,0.82,1495096.0
447,41.9,5.6,161.0,78.64,28.2,4.9,26.0,20.7,21.69,0.94,18.69,0.26,0.46,2005257.0
448,156.1,1.0,107.0,75.69,37.5,6.2,35.0,20.7,26.68,0.94,22.47,0.12,4.94,2170995.0
449,97.0,1.0,121.6,78.89,29.0,7.7,34.0,20.7,23.41,0.94,24.4,2.25,0.11,1461431.0
450,180.2,1.4,163.0,76.28,43.2,6.8,11.0,20.7,9.61,0.98,10.32,0.26,0.42,2910340.0
451,158.9,1.0,0.0,83.35,22.4,6.5,41.0,84.3,11.35,0.97,16.61,1.12,2.84,1580555.0
452,50.9,3.6,119.0,79.62,29.0,4.5,52.0,20.7,7.27,0.94,14.9,1.49,0.46,1737228.0
453,216.0,1.0,0.0,80.01,22.4,6.4,31.0,14.8,20.29,1.17,19.76,1.54,0.66,1656949.0
454,53.6,6.3,0.0,78.05,37.5,4.7,54.0,20.7,16.95,0.91,20.49,1.11,3.16,1983245.0
455,82.0,1.0,125.2,75.28,33.9,8.1,38.0,32.4,7.35,0.92,23.96,0.46,0.44,2345796.0
456,87.8,3.9,0.0,81.19,22.4,6.5,42.0,159.6,1.63,1.1,18.82,2.63,0.2,2717411.0
457,178.8,1.0,0.0,81.19,22.4,6.5,42.0,84.3,24.84,0.99,12.39,0.07,0.07,2374282.0
458,123.1,1.0,0.0,79.23,22.4,8.3,41.0,20.7,18.59,0.91,8.02,0.8,0.61,1200524.0
459,66.0,5.2,195.0,79.82,30.5,5.4,8.0,20.7,25.78,0.91,15.76,0.44,0.02,1396042.0
460,141.7,1.0,0.0,81.0,22.4,6.4,48.0,20.7,9.66,1.01,19.12,0.15,3.42,1530704.0
461,154.8,1.0,0.0,80.01,22.4,8.1,32.0,11.9,37.19,0.96,25.09,2.86,0.43,1073631.0
462,180.2,1.0,0.0,81.19,22.4,5.9,45.0,20.7,10.54,1.13,11.57,3.66,0.21,1919151.0
463,164.4,1.0,0.0,81.19,22.4,7.0,43.0,59.2,12.4,0.93,15.31,2.15,0.93,2354860.0
464,60.1,1.0,194.9,86.64,35.2,5.4,22.0,20.7,12.98,0.93,8.51,1.76,0.64,402264.0
465,42.6,5.5,0.0,81.19,22.4,5.8,45.0,46.6,11.4,0.99,22.54,1.66,0.53,2218256.0
466,277.9,3.6,0.0,79.05,32.7,4.7,34.0,11.9,6.88,0.99,21.83,0.52,0.35,3448987.0
467,221.5,1.0,0.0,81.19,22.4,6.0,30.0,20.7,18.08,0.97,25.1,0.59,0.48,2411832.0
468,178.8,1.0,0.0,81.19,22.4,7.2,41.0,11.9,13.69,0.91,14.49,3.98,1.51,978461.0
469,168.6,5.7,0.0,79.96,22.4,6.5,18.0,20.7,0.13,0.91,10.51,1.89,6.43,2354860.0
470,64.6,1.0,143.6,75.65,22.4,6.9,56.0,10.2,5.3,0.92,24.84,0.22,2.68,781648.0
471,288.9,1.6,123.0,84.73,26.9,5.2,20.0,11.9,11.88,0.97,20.09,3.72,1.37,2017558.0
472,212.5,3.1,0.0,88.27,22.4,5.9,1.0,84.3,3.68,1.21,21.19,9.24,0.91,2488227.0
473,87.8,3.9,0.0,81.19,22.4,6.5,42.0,84.3,8.18,1.05,12.4,0.07,0.02,2550378.0
474,154.1,1.0,0.0,79.82,22.4,7.8,32.0,20.7,41.64,0.91,7.75,2.04,0.3,1479558.0
475,56.4,6.3,0.0,82.77,29.4,6.9,17.0,20.7,2.79,0.97,11.6,0.12,1.94,1588324.0
476,82.3,1.0,125.4,75.32,31.5,8.1,38.0,14.8,22.46,0.94,16.99,0.64,1.85,1212824.0
477,200.6,5.2,0.0,75.87,35.9,6.0,30.0,20.7,25.82,0.92,25.25,0.95,4.93,4465424.0
478,186.4,1.8,0.0,88.27,22.4,5.9,15.0,84.3,10.22,0.96,12.1,1.95,0.07,3223687.0
479,57.8,5.1,143.0,81.59,32.9,5.1,20.0,20.7,31.42,0.96,9.71,5.51,0.39,1726222.0
480,98.1,3.2,24.5,79.17,30.4,7.8,35.0,14.8,65.2,0.93,24.91,1.07,0.04,1816860.0
481,217.4,1.4,94.0,74.32,38.5,6.0,46.0,10.2,10.08,0.96,17.28,0.4,0.13,1500923.0
482,213.9,1.0,0.0,80.01,22.4,7.5,27.0,11.9,29.36,1.04,25.44,1.39,0.09,1403164.0
483,209.8,1.0,0.0,85.63,22.4,6.9,31.0,50.8,9.62,0.92,22.8,0.95,1.02,2637132.0
484,75.9,1.0,167.0,76.79,31.2,7.6,34.0,50.8,2.03,1.03,23.26,1.52,0.39,2786684.0
485,124.1,1.0,118.3,81.37,29.1,7.5,30.0,10.2,9.01,0.92,12.37,2.0,1.48,624974.0
486,113.5,4.5,0.0,81.19,22.4,6.4,29.0,10.2,10.97,0.93,10.58,2.0,1.17,727912.0
487,224.2,1.4,158.0,76.28,46.6,6.4,8.0,20.7,33.87,0.91,19.0,0.05,1.29,3452224.0
488,214.3,1.0,0.0,79.96,22.4,7.5,27.0,20.7,34.03,0.92,11.59,1.39,0.23,2273286.0
489,195.3,1.4,97.0,71.96,36.7,6.4,50.0,20.7,40.28,0.97,10.91,0.38,0.57,3439275.0
490,183.6,5.2,0.0,77.83,33.4,6.0,30.0,20.7,29.16,1.05,20.08,0.21,0.56,3079962.0
491,164.4,1.0,0.0,81.19,22.4,6.4,47.0,10.2,2.28,0.97,18.53,5.42,0.38,488370.0
492,257.9,1.5,79.0,75.3,35.9,6.4,22.0,20.7,5.76,1.04,22.17,0.32,0.6,3541567.0
493,59.1,6.3,0.0,81.19,22.4,5.9,34.0,46.6,9.64,0.92,16.75,0.43,0.07,2657849.0
494,227.5,3.1,0.0,72.43,35.6,6.1,47.0,20.7,11.28,0.91,18.07,0.71,0.93,4284149.0
495,172.2,1.0,127.9,79.33,35.8,5.0,34.0,20.7,17.19,0.97,20.11,0.28,1.88,2262280.0
496,146.5,1.3,141.0,78.64,28.8,4.6,38.0,10.2,25.43,0.97,24.23,1.2,0.15,716906.0
497,60.5,4.3,116.0,77.85,39.8,6.2,23.0,20.7,5.18,0.96,7.99,1.6,0.06,1641411.0
498,143.6,3.9,100.4,77.34,33.4,4.3,39.0,20.7,16.29,0.95,23.62,2.52,0.19,3269653.0
499,134.1,3.5,0.0,88.27,22.4,5.9,15.0,84.3,15.3,0.92,21.43,7.56,0.42,3002272.0
500,164.4,1.0,0.0,81.19,22.4,6.4,47.0,46.6,11.46,1.0,10.13,5.33,0.3,2094600.0
501,160.3,2.7,0.0,88.27,22.4,5.9,15.0,20.7,35.84,1.13,7.41,0.25,0.11,2944652.0
502,148.1,5.5,0.0,71.9,35.4,6.9,38.0,32.4,15.02,1.0,12.43,0.79,2.54,4574837.0
503,186.4,1.8,0.0,88.27,22.4,5.9,15.0,46.6,30.93,0.97,20.88,1.11,0.07,3116217.0
504,217.4,1.4,94.0,74.32,38.5,6.0,46.0,11.9,19.86,0.92,7.26,1.34,0.2,2820997.0
505,295.1,1.0,0.0,70.98,27.0,6.4,47.0,20.7,14.43,0.93,25.98,0.69,5.32,4223939.0
506,104.1,1.0,96.7,80.66,27.6,6.4,50.0,32.4,7.44,0.93,20.78,0.14,0.52,1756003.0
507,216.0,1.0,0.0,80.01,22.4,6.4,31.0,9.4,23.59,0.91,16.06,2.02,1.32,255301.0
508,82.0,1.0,125.2,75.28,33.9,8.1,38.0,20.7,56.43,0.92,24.57,1.97,0.46,1692557.0
509,57.8,1.0,143.0,81.39,32.9,5.1,50.0,20.7,26.39,1.05,16.9,0.47,2.89,479954.0
510,191.2,1.0,0.0,81.19,22.4,7.5,39.0,84.3,5.38,0.91,7.27,0.32,1.06,2507002.0
511,114.5,6.3,0.0,88.27,22.4,5.9,1.0,46.6,0.1,0.98,21.96,2.52,0.15,1993604.0
512,42.6,5.7,0.0,81.98,25.9,6.1,37.0,20.7,13.76,0.91,7.61,0.48,0.27,1858294.0
513,140.4,1.0,121.4,74.81,33.9,7.6,34.0,32.4,12.95,0.93,14.01,0.14,0.1,3529913.0
514,295.1,1.0,0.0,82.77,22.4,8.6,4.0,11.9,15.16,0.94,13.34,0.22,0.31,1999430.0
515,65.9,6.6,0.0,83.45,22.4,6.5,19.0,46.6,1.57,0.93,19.57,0.48,0.31,2670150.0
516,164.4,1.0,0.0,81.19,22.4,7.0,43.0,46.6,4.39,0.94,16.85,1.51,1.24,2164521.0
517,67.3,1.9,124.3,74.57,34.9,8.0,37.0,14.8,13.4,0.91,11.11,1.42,0.27,1371440.0
518,149.2,5.3,0.0,81.19,22.4,5.9,23.0,46.6,7.31,0.95,11.57,1.7,4.17,3120749.0
519,123.1,1.0,95.7,80.29,28.8,6.2,49.0,20.7,6.27,0.91,18.94,0.66,0.29,1741113.0
520,178.8,1.0,0.0,81.19,22.4,7.2,41.0,10.2,8.74,0.92,13.66,8.6,0.15,775821.0
521,66.3,3.9,128.6,77.95,31.5,6.9,28.0,50.8,8.97,0.92,9.36,1.61,0.31,3323389.0
522,98.0,1.0,174.2,74.75,36.0,7.5,33.0,32.4,4.25,0.91,18.78,0.77,0.51,3168010.0
523,110.6,1.0,121.6,77.66,30.2,7.6,34.0,14.8,17.54,0.91,12.03,0.93,0.3,1582497.0
524,312.3,1.0,0.0,80.6,22.4,8.6,4.0,10.2,6.88,0.98,26.23,1.4,0.11,2037628.0
525,47.4,4.7,128.0,90.04,29.4,5.0,12.0,20.7,26.57,1.01,12.24,3.15,0.48,2130208.0
526,110.6,1.0,121.6,77.66,30.2,7.6,34.0,10.2,8.19,1.08,7.32,1.07,1.06,848979.0
527,82.3,1.0,125.4,75.32,31.5,8.1,38.0,20.7,26.97,1.0,10.29,0.73,0.4,1558543.0
528,183.6,5.2,0.0,77.83,33.4,6.0,30.0,32.4,14.87,0.91,23.31,0.47,4.02,3726727.0
529,76.3,7.1,0.0,79.96,22.4,7.0,22.0,20.7,2.36,0.92,19.39,0.43,0.5,1658244.0
530,178.8,1.0,0.0,81.19,22.4,7.2,41.0,46.6,9.26,0.95,19.27,0.87,0.07,2303714.0
531,277.9,1.0,0.0,75.3,33.4,7.5,13.0,20.7,24.7,0.92,15.14,0.62,0.4,3638031.0
532,88.7,4.0,0.0,81.19,22.4,6.3,39.0,11.9,9.34,0.96,14.14,0.34,0.79,960981.0
533,257.9,1.5,79.0,75.3,35.9,6.4,22.0,10.2,20.18,0.94,17.19,1.09,0.44,1469200.0
534,172.6,1.0,0.0,83.35,22.4,6.5,38.0,14.8,19.32,0.94,16.21,2.39,0.78,1194049.0
535,178.8,1.0,0.0,81.19,22.4,6.5,42.0,10.2,22.57,1.01,21.89,3.06,0.66,724675.0
536,227.5,3.1,0.0,72.43,35.6,6.1,47.0,11.9,11.89,1.0,10.31,0.81,0.42,3351875.0
537,154.6,1.0,0.0,79.96,22.4,8.1,32.0,11.9,1.95,0.97,7.12,1.56,0.14,810134.0
538,295.2,1.0,0.0,82.77,25.9,8.6,4.0,20.7,24.09,1.06,18.21,0.58,0.35,2706405.0
539,322.6,1.0,0.0,75.3,25.3,7.6,16.0,20.7,61.73,0.92,18.41,2.47,0.4,3856209.0
540,156.2,1.0,107.5,75.61,37.3,6.2,35.0,20.7,16.99,1.46,12.45,2.49,0.33,2171642.0
541,65.3,6.8,0.0,79.46,37.2,4.8,42.0,20.7,28.01,1.05,26.99,0.39,0.15,2304362.0
542,224.2,1.0,0.0,79.96,22.4,7.4,26.0,20.7,12.29,0.95,10.64,2.46,0.12,1991014.0
543,50.2,1.3,195.0,78.05,29.4,7.1,21.0,20.7,31.17,0.95,24.12,0.76,0.0,842504.0
544,243.5,3.4,0.0,73.63,41.6,4.7,53.0,10.2,29.54,0.98,16.83,0.68,1.59,2011731.0
545,97.0,1.0,121.6,78.89,29.0,7.7,34.0,14.8,24.7,0.93,13.71,0.22,0.13,1203761.0
546,81.8,5.2,0.0,88.27,22.4,5.9,15.0,161.7,17.2,0.91,17.8,2.49,0.13,3325331.0
547,166.7,4.2,0.0,78.54,31.7,4.9,42.0,20.7,19.12,0.97,22.85,2.26,0.33,2499233.0
548,144.4,1.0,0.0,80.01,22.4,8.3,33.0,20.7,15.31,1.0,23.5,0.34,1.34,1302167.0
549,242.8,1.5,132.0,78.44,32.3,5.2,29.0,10.2,6.31,0.95,23.08,0.25,0.1,1921741.0
550,82.0,1.0,125.2,76.2,33.9,8.0,37.0,14.8,5.85,0.94,25.63,0.29,0.34,1106649.0
551,123.1,1.0,95.7,81.15,28.6,6.1,48.0,32.4,44.34,0.99,23.77,0.25,0.56,2415717.0
552,175.1,4.7,0.0,77.66,32.7,5.1,36.0,20.7,27.84,0.94,9.37,1.97,0.08,3814127.0
553,99.0,2.2,121.9,74.04,33.6,7.0,34.0,20.7,4.63,1.05,20.42,0.74,0.07,3228866.0
554,200.6,5.2,0.0,75.87,35.9,6.0,30.0,10.2,11.28,1.05,24.68,0.25,0.28,2134740.0
555,155.6,1.0,117.5,77.81,33.4,7.2,29.0,10.2,33.04,0.93,24.09,0.62,2.39,1267854.0
556,146.5,3.7,0.0,76.48,30.5,6.4,37.0,20.7,4.59,0.96,10.56,7.69,0.45,2499233.0
557,60.4,6.3,0.0,79.96,22.4,7.4,26.0,20.7,15.91,0.96,13.15,1.32,0.22,1213472.0
558,98.1,1.0,174.7,73.88,34.2,7.6,33.0,14.8,22.67,0.96,21.46,2.55,0.47,2033096.0
559,184.3,1.0,0.0,79.82,22.4,7.8,29.0,11.9,10.91,0.92,20.4,1.82,0.01,1219298.0
560,109.1,1.0,118.2,81.82,29.5,7.2,30.0,20.7,13.6,0.96,13.58,0.72,0.1,1438124.0
561,81.8,5.2,0.0,88.27,22.4,5.9,15.0,46.6,13.07,1.01,13.92,0.54,0.11,2589870.0
562,124.3,1.0,99.9,72.17,36.8,6.9,55.0,14.8,18.81,0.96,9.07,0.79,1.42,2009142.0
563,184.3,1.0,0.0,82.18,22.4,6.4,34.0,14.8,15.11,0.91,18.7,0.35,0.78,1599977.0
564,308.8,1.0,0.0,77.85,28.4,5.0,39.0,20.7,46.46,1.1,17.51,2.85,0.23,3152472.0
565,110.6,1.0,121.6,77.66,30.2,7.6,34.0,50.8,23.72,1.07,15.67,1.18,0.71,2817112.0
566,209.1,3.1,0.0,68.34,49.6,4.7,72.0,47.1,24.34,1.02,23.65,0.97,0.14,3895701.0
567,164.4,4.2,0.0,76.48,34.0,5.6,38.0,20.7,7.85,0.92,26.07,0.69,0.08,2782152.0
568,245.2,2.1,0.0,88.27,22.4,5.9,1.0,84.3,6.53,0.96,15.08,0.72,2.48,2558147.0
569,123.2,4.7,0.0,83.45,22.4,6.5,19.0,46.6,10.52,0.94,16.75,1.15,0.16,2938178.0
570,312.3,1.0,0.0,80.6,22.4,8.6,4.0,20.7,8.35,1.01,23.48,0.21,0.12,3470999.0
571,257.9,1.5,79.0,75.3,34.4,6.4,22.0,32.4,53.43,1.12,21.49,0.59,0.13,3395251.0
572,133.1,3.5,86.5,81.88,29.3,4.5,36.0,20.7,13.83,1.06,23.82,1.69,1.68,2538725.0
573,288.9,1.6,123.0,82.96,26.9,4.3,20.0,10.2,18.74,0.94,13.92,0.24,0.44,1762477.0
574,57.1,4.2,112.0,86.69,34.0,5.7,12.0,20.7,9.87,1.08,12.3,1.0,2.64,917604.0
575,109.1,1.0,118.2,81.82,29.5,7.2,30.0,50.8,20.14,0.93,13.41,2.52,0.91,2494701.0
576,126.9,4.8,0.0,79.96,22.4,7.2,24.0,20.7,12.79,0.97,25.18,2.72,0.23,1924331.0
577,57.8,5.1,0.0,81.39,32.9,7.5,19.0,20.7,4.93,0.91,14.79,0.85,0.45,1032844.0
578,214.3,1.0,0.0,79.96,22.4,7.5,27.0,11.9,7.51,1.04,25.39,0.2,0.45,1407695.0
579,160.0,4.1,0.0,85.42,29.6,5.3,24.0,20.7,51.04,0.97,22.68,2.05,1.1,2013026.0
580,161.1,5.5,0.0,83.45,22.4,6.3,8.0,10.2,16.94,0.93,7.41,1.81,0.14,764815.0
581,49.5,4.8,142.7,80.94,32.2,6.4,10.0,20.7,13.52,0.95,8.48,0.73,0.18,1774131.0
582,112.0,1.0,94.6,82.35,27.7,6.1,47.0,10.2,12.05,0.91,26.01,0.18,0.55,521388.0
583,154.8,1.0,0.0,81.19,22.4,8.0,31.0,20.7,40.49,0.93,24.92,1.07,0.03,1251022.0
584,141.7,3.6,91.0,80.92,30.5,6.1,14.0,20.7,0.88,0.93,11.3,2.68,0.19,2670797.0
585,91.1,7.8,0.0,83.45,22.4,6.3,7.0,10.2,10.37,0.95,7.51,0.75,0.01,468300.0
586,257.9,1.5,79.0,75.3,35.9,6.4,22.0,10.2,5.07,1.06,15.17,0.34,0.09,2138624.0
587,70.1,3.6,0.0,81.19,22.4,6.1,48.0,20.7,3.04,1.16,11.55,0.28,0.12,1421291.0
588,242.8,1.5,132.0,78.44,32.3,4.3,29.0,11.9,17.73,0.92,19.87,2.88,0.29,2374282.0
589,160.3,2.7,0.0,88.27,22.4,5.9,15.0,84.3,12.57,0.91,15.07,6.94,1.85,3147940.0
590,257.9,1.5,79.0,75.3,34.4,6.4,22.0,20.7,21.69,0.95,9.79,0.28,2.11,3305909.0
591,103.0,4.3,0.0,79.96,22.4,7.6,28.0,20.7,27.15,1.08,25.57,0.93,0.15,1516461.0
592,196.0,1.0,142.0,81.39,35.2,4.0,34.0,20.7,21.95,1.01,14.41,0.74,0.15,2495348.0
593,295.1,1.0,0.0,82.77,22.4,8.6,4.0,10.2,24.15,0.92,14.74,0.16,5.27,1536531.0
594,123.1,1.0,95.7,80.29,28.8,6.2,49.0,32.4,8.04,0.92,7.5,0.88,0.08,2330905.0
595,47.2,5.7,0.0,81.19,22.4,7.5,39.0,20.7,9.52,0.91,8.53,3.09,0.04,1677666.0
596,154.5,1.0,95.6,77.17,32.7,6.2,48.0,50.8,6.39,0.97,18.35,1.16,0.24,3218508.0
597,64.6,3.9,132.1,77.87,31.8,6.9,28.0,50.8,9.55,0.92,23.34,0.36,0.81,3411437.0
598,200.6,5.2,0.0,75.87,35.9,6.0,30.0,32.4,27.65,0.94,10.95,0.15,0.69,4853871.0
599,124.1,1.0,118.3,80.51,29.1,7.2,30.0,20.7,1.39,0.97,21.63,0.55,1.41,1768952.0
600,138.7,1.0,89.6,82.51,34.7,5.9,31.0,20.7,21.65,0.94,11.23,1.86,0.64,1937279.0
601,112.0,1.0,94.6,82.35,27.7,6.1,47.0,20.7,17.17,0.99,10.79,0.21,0.59,1328064.0
602,308.8,1.0,0.0,76.87,28.4,4.8,47.0,20.7,60.81,0.92,20.51,4.73,1.86,3751976.0
603,221.5,1.0,0.0,81.19,22.4,6.0,30.0,46.6,15.89,1.0,13.36,2.59,0.05,3008099.0
604,70.7,3.1,159.9,77.32,33.7,6.9,28.0,10.2,18.08,0.97,22.61,6.34,3.52,873580.0
605,217.4,1.4,94.0,74.32,39.0,6.0,46.0,11.9,27.58,1.02,14.13,1.26,0.06,2234441.0
606,155.6,1.0,117.5,77.81,33.4,7.2,29.0,50.8,38.84,0.93,24.59,1.26,0.24,3522792.0
607,178.8,1.0,0.0,81.19,22.4,6.5,42.0,159.6,5.18,0.93,14.58,0.67,0.3,2519302.0
608,141.8,1.0,97.4,75.02,36.1,6.5,51.0,50.8,4.33,0.95,7.6,1.39,0.9,3451576.0
609,48.3,5.7,0.0,83.45,22.4,6.4,29.0,11.9,16.66,0.96,14.89,1.12,0.15,522035.0
610,173.8,7.3,0.0,79.58,34.4,6.0,13.0,20.7,14.63,0.92,14.95,4.14,0.92,4685544.0
611,42.6,5.5,0.0,81.19,22.4,5.8,45.0,20.7,1.41,1.11,12.06,4.41,1.42,1653712.0
612,60.5,5.2,0.0,78.05,35.2,6.7,36.0,20.7,1.81,0.94,23.72,2.57,0.94,1970297.0
613,148.1,5.5,0.0,71.9,35.4,6.9,38.0,10.2,17.44,0.99,16.95,1.68,0.1,1429060.0
614,120.9,1.0,125.1,71.62,36.3,8.1,38.0,14.8,27.63,1.1,15.79,6.36,1.86,2582749.0
615,82.0,1.0,125.2,76.2,33.9,8.0,37.0,50.8,12.88,1.01,16.52,0.55,0.29,2022090.0
616,277.9,3.6,0.0,79.05,32.7,4.7,34.0,20.7,6.05,0.92,13.57,1.36,0.58,4271200.0
617,167.1,1.0,113.0,76.87,34.0,5.8,35.0,20.7,2.78,0.94,13.91,1.15,0.05,2339322.0
